0xacab.org,3
400hu.ego.luke.ph,1
4d63.com,25
61924.nl,2
8bits.voidbits.com,5
8bitsserver.voidbits.com,5
9fans.net,2
a4.io,8
aahframe.work,6
aahframework.org,18
aaronlindsay.com,1
acln.ro,10
actshad.dev,3
admiralty.io,4
agamigo.io,3
agola.io,1
agones.dev,7
airdispat.ch,2
ajz.dev,5
ajz.xyz,3
akhil.cc,1
alab.us,1
aletheia.icu,2
alexejk.io,2
alisdairmacleod.co.uk,1
altafino.io,1
alvanity.xyz,2
ampify.dev,1
amuz.es,3
anderfv21.dev,1
antiklimax.se,1
anus.io,1
appliedgo.net,2
aqwari.net,11
arcadium.dev,1
argc.dev,1
arhat.dev,1
arnested.dk,2
arp242.net,8
astrophena.me,1
astuart.co,22
augie.upspin.io,1
aws.upspin.io,1
axzsource.com,12
azul3d.org,2
b2.upspin.io,1
b612.me,3
badc0de.net,9
baliance.com,1
bardes.org,1
barista.run,1
batou.dev,4
bazil.org,4
bdd.fi,1
beargit.pw,6
berty.tech,8
bind.ch,1
bitbucket.butik.ru,3
bits.chrsm.org,1
blah.ego.luke.ph,1
blainsmith.com,2
bldy.build,2
blichmann.eu,1
blitiri.com.ar,5
blitter.com,11
blitznote.com,8
blockwatch.cc,2
bnbl.io,2
bombur.narnian.us,1
boscoin.io,1
bosun.org,1
bou.ke,3
bovarys.me,1
bramp.net,5
brendanthompson.dev,2
byparker.com,1
bytelog.org,9
c.h5g0.top,12
camlistore.org,1
cda.icu,1
cdr.dev,4
cellery.io,1
cgit.xrt0x.com,1
cgt.name,2
chai2010.cn,1
chitin.io,1
chrispennello.com,1
christine.website,1
ciceroverneck.dev,1
cirello.io,15
cloud.google.com,11
cloudeng.io,7
cloudtui.com,1
code.8bitduck.net,1
code.aliyun.com,32
code.as,3
code.austinjadams.com,2
code.avct.io,4
code.bankrs.com,1
code.bcarlin.xyz,2
code.boehm.dev,1
code.cerinuts.io,2
code.cestus.io,1
code.choerodon.com.cn,1
code.chrissexton.org,2
code.cloudfoundry.org,138
code.cryptowat.ch,5
code.dllexport.com,1
code.dumpstack.io,2
code.dunacode.com,1
code.fbi.h-da.de,2
code.funccloud.dev,1
code.golift.io,1
code.gyt.is,1
code.hackerspace.pl,1
code.heb12.com,3
code.htres.cn,1
code.ibitcome.com,1
code.ifbizo.net,3
code.iule.net,1
code.ivysaur.me,1
code.jpap.org,1
code.letsit.cn,4
code.lukou.com,1
code.nfsmith.ca,1
code.nkcmr.net,1
code.sajari.com,13
code.skysarms.com,3
code.soquee.net,12
code.stanford.edu,4
code.teris.io,2
code.theres.life,1
code.uplex.de,1
code.vikunja.io,1
code.vovuo.com,1
code.witches.io,4
codeberg.org,12
codeflow-4ad118a2d93a52eb.nilqb.com,1
coding.net,6
coding.xbonline.net,4
collectd.org,1
comail.io,2
compute.jben.ca,1
contrib.go.opencensus.io,9
corelab.mkcl.org,3
cpl.li,2
crawler.club,3
crawshaw.io,3
cryptoscope.co,1
cuelang.dev,1
cuelang.org,1
cwtch.im,3
dab.holma.systems,1
dappui.com,2
darlinggo.co,4
dasa.cc,4
davidb.org,2
dccscr.dsop.io,3
decodica.com,2
decred.org,41
dev.azure.com,3
dev.fairy-vault.eu,1
dev.justinjudd.org,1
dev.linxdatacenter.com,1
dev.rcrai.com,1
dev.vx.se,6
develop.pztrn.name,1
developers.google.com,4
devt.de,3
dfir.software,3
dhgitlab.dunnhumby.co.uk,1
dim13.org,13
dmitri.shuralyov.com,20
dmitryfrank.com,1
docker.io,1
doozer.it,1
drive.upspin.io,1
dukangxu.com,2
dxkite.cn,1
e.coding.net,15
e13.dev,1
eagain.net,2
eaglesong.dev,3
edholm.dev,1
egt.run,18
ehang.io,2
ekyu.moe,7
eliasnaur.com,5
emersyx.net,2
emperror.dev,6
encore.dev,1
enr0n.net,7
entrogo.com,2
eriol.xyz,2
euphoria.io,2
exp.upspin.io,1
ezix.org,1
facette.io,8
felix-hartmond.de,1
filippo.io,3
firebase.google.com,1
fknsrs.biz,27
flamingo.me,12
foodieek.com,1
forge.cadoles.com,5
forge.grandlyon.com,5
formatforest.com,1
fortio.org,1
fossil.boisestate.edu,1
foxygo.at,4
framagit.org,8
fyne.io,4
g.9daye.cn,1
gate.computer,1
gavincabbage.com,2
gcp.upspin.io,1
gerrit.wikimedia.org,1
get.porter.sh,8
getsum.pub,13
giautm.dev,1
gioui.org,7
git-hk.118487.xyz,5
git.1248.nz,1
git.42l.fr,2
git.51zan.cn,1
git.9d77v.me,2
git.abyle.org,3
git.afpro.net,4
git.aishepin8.com,2
git.aiterp.net,1
git.alhur.es,1
git.alnet.org,3
git.ananwork.com,1
git.andyleap.dev,3
git.anonify.eu,7
git.antonionapolitano.eu,1
git.archive.org,1
git.armstrongconsulting.com,1
git.atilf.fr,1
git.autistici.org,2
git.banelli.network,1
git.bejens.com,1
git.bella.network,1
git.bendt.xyz,1
git.benfleming.nz,1
git.beryju.org,2
git.bespoke-it.solutions,1
git.bestzoro.com,1
git.biz.tm,1
git.blackit.de,1
git.blaq.ru,5
git.blesstherains.africa,3
git.blindage.org,4
git.bluebird.id,1
git.brobridge.com,1
git.bucker.net,6
git.bug-br.org.br,4
git.bullercodeworks.com,2
git.byr.moe,1
git.cabbagebox.com,6
git.callpipe.com,2
git.canopsis.net,2
git.celefish.com,1
git.championtek.com.tw,12
git.chezaja.by,1
git.chuangxin1.com,3
git.cloudolp.com,1
git.clrvnc.dev,1
git.code-bloggers.com,2
git.code4.in,2
git.coder.town,1
git.compenda.nl,1
git.computingoverload.de,2
git.connectplay.co.nz,3
git.crumpington.com,1
git.cs.nctu.edu.tw,1
git.ctrlz.es,6
git.cyri.us,1
git.dagestad.fr,2
git.darknebu.la,23
git.dcpri.me,2
git.deanishe.net,3
git.destrealm.com,1
git.deuxfleurs.fr,2
git.devever.net,4
git.dkh.ru,1
git.doit.wisc.edu,1
git.dolansoft.org,1
git.dotfile.sh,1
git.dragon-labs.de,3
git.dtluna.net,4
git.dukx.net,3
git.e-intidata.com,2
git.eapi.me,1
git.eeqj.de,3
git.elewise.com,2
git.eljef.me,3
git.elyxon.de,2
git.ethfans.org,2
git.eugeniocarvalho.dev,2
git.evanjon.es,6
git.eve.moe,1
git.exahome.net,3
git.farfrom.earth,1
git.fe-cred.com,4
git.feehi.com,1
git.feirm.com,3
git.feneas.org,6
git.ferricyanide.solutions,1
git.ferryvg.ru,1
git.feuerfuchs.dev,1
git.fidozero.org,4
git.finogeeks.club,2
git.fractalqb.de,12
git.freedomcore.ru,10
git.fromouter.space,2
git.funxdata.com,3
git.fuwafuwa.space,1
git.fuyu.moe,7
git.ganyme.de,10
git.geek1011.net,3
git.giftfish.de,1
git.gisauto.ru,1
git.gmstk.com,1
git.goodev.de,3
git.goosenet.io,3
git.gvk.idi.ntnu.no,11
git.happyseven.cn,4
git.haw-hamburg.de,9
git.helloworld.icu,4
git.heurd.com,2
git.hex.uz,6
git.hmcayj.com,1
git.hoogi.eu,5
git.hydra-project.io,4
git.id-network.ru,8
git.imooc.com,10
git.inedcn.com,1
git.infinytum.co,1
git.influ.su,1
git.interlegis.leg.br,1
git.iqidao.com,1
git.its-amazing.de,2
git.jba.io,10
git.jeelabs.org,1
git.jeffthecoder.xyz,1
git.jkdhn.me,1
git.julian.pro,8
git.k2software.com.cn,16
git.kantos.pl,1
git.kcbark.net,2
git.kescher.at,2
git.kleinblauw.eu,2
git.klgeurope.com,4
git.klik.digital,3
git.knoqi.com,13
git.kroksys.com,3
git.kuschku.de,1
git.latido.at,2
git.lattuga.net,1
git.leaniot.cn,4
git.lehouerou.net,1
git.lenzplace.org,2
git.liero.se,8
git.links123.net,8
git.logansnow.com,1
git.ludd.ltu.se,4
git.lug.ustc.edu.cn,2
git.lukeshu.com,3
git.luxing.im,1
git.lynxpa.ws,1
git.m4-dev.net,1
git.ma.rcel.li,1
git.maildev.jp,1
git.makaay.nl,1
git.maze.io,2
git.medlinker.com,4
git.meizhu365.com,3
git.meow.tf,5
git.mib.dev,4
git.milvai.cn,1
git.missionfocus.com,1
git.mnc.sh,9
git.mobley.ne02ptzero.me,1
git.mocy.vip,1
git.moe.cat,1
git.mohmann.de,1
git.mokkon.com,4
git.moremom.cn,1
git.nifra.eu,1
git.nkagami.me,1
git.noc.ruhr-uni-bochum.de,1
git.nodebender.net,1
git.nozary.com,1
git.nreynolds.co.uk,1
git.oassis.cn,1
git.olihofmann.io,1
git.openprivacy.ca,8
git.opsgem.net,1
git.oschina.net,5
git.osg.uz,1
git.ovv.dev,1
git.p3nn.com,1
git.packetlostandfound.us,1
git.parallelcoin.io,14
git.paulbsd.com,5
git.pirl.io,2
git.pixeltamer.net,6
git.plexis.eu,1
git.pluggableideas.com,10
git.pofilo.fr,1
git.polynom.me,1
git.pratik.live,1
git.prontohosted.com.au,4
git.psu.edu,3
git.ptrcnull.me,1
git.qianqiusoft.com,9
git.quantibio.com,4
git.quba.fr,1
git.r23s.eu,2
git.raimon.eu,1
git.ratafee.nl,1
git.re-dylan.com,1
git.rentby.pl,1
git.repo.headsetadvisor.com,3
git.riedstra.us,3
git.ronaksoftware.com,1
git.ronmi.tw,1
git.rootprojects.org,1
git.roshless.me,2
git.rotten.network,3
git.rucciva.one,2
git.rwth-aachen.de,4
git.saintnet.tech,2
git.sakriheia.no,1
git.samberi.com,1
git.sansera.com,1
git.sattler.technology,3
git.saucisseroyale.cc,3
git.scc.kit.edu,5
git.schwanenlied.me,3
git.sci4me.com,1
git.scraperwall.com,6
git.seiue.com,3
git.sgu.ru,12
git.sh.cvut.cz,1
git.shutung.com,3
git.simts.cc,1
git.siruijie.com.cn,2
git.sitilge.id.lv,3
git.skycodex.com,2
git.slxh.eu,1
git.snrui.net,1
git.software-sl.de,1
git.solutions.im,2
git.soundship.de,1
git.sparkpool.com,3
git.spiderweber.network,7
git.sr.ht,180
git.srelab.cn,1
git.startoptech.com,1
git.stephensearles.com,2
git.stingr.net,10
git.stuart.fun,1
git.subiz.net,1
git.sumsia.com,1
git.sungo.wtf,1
git.sylvanbytes.org,9
git.t5l.de,1
git.tai.io,2
git.tfr.ink,2
git.tgroup.tech,4
git.thc420.xyz,3
git.thirdmartini.com,2
git.tipsy.coffee,2
git.tomans.ru,2
git.trafficking.agency,1
git.trj.tw,3
git.txuntest.com,1
git.uestc.cn,1
git.ultraware.nl,3
git.uns.ac.id,3
git.utel.us,1
git.valipan.eu,3
git.ventos.tk,1
git.vico-lab.com,1
git.vingd.com,2
git.vosi.kiev.ua,1
git.wanadev.org,1
git.wanpinghui.com,1
git.wark.io,14
git.wegmueller.it,8
git.wetofu.top,2
git.what.codes,8
git.wow.st,6
git.wunsun.com,1
git.xbudex.com,2
git.xdea.xyz,3
git.xdrm.io,2
git.xeserv.us,1
git.xuekaole.com,20
git.yama.work,1
git.yaop.ink,1
git.youxiner.com,1
git.yuanzoo.cn,1
git.ywwxhz.com,2
git.zero-knowledge.org,2
git.zeuz.io,2
git.zjvis.org,1
git.zuodashi.com,1
git.zuzex.com,1
git.zx2c4.com,1
git.zxck.dev,1
git2.magaze.ru,1
git2.networthservices.com,4
gitcloud.biranmall.com,1
gitea-cicd.apps.aws2-dev.ocp.14west.io,3
gitea.bjx.cloud,5
gitea.com,134
gitea.drugeyes.vip,7
gitea.gregtaole.fr,2
gitea.izolight.xyz,2
gitea.justinbak.com,2
gitea.kkspace.cn,1
gitea.mahillmann.de,3
gitea.sebastian-tobie.de,2
gitea.web.kueber.eu,4
gitee.com,882
gitgob.com,1
gitgud.io,3
github.erp.pub,1
github.zhaw.ch,3
gitlab.100bm.cn,24
gitlab.127-0-0-1.fr,1
gitlab.360live.vn,2
gitlab.3yourmind.com,1
gitlab.4act.com,1
gitlab.51zcm.cc,2
gitlab.66xue.com,2
gitlab.9dwit.com,1
gitlab.a6inf.com,1
gitlab.allegorithmic.com,1
gitlab.aries.team,1
gitlab.artajasa.co.id,2
gitlab.atvg-studios.com,2
gitlab.axzo.cn,1
gitlab.ballweg.us,1
gitlab.bertha.cloud,11
gitlab.brurberg.no,1
gitlab.btpoc.com,1
gitlab.bull-b.com,1
gitlab.ceibsmoment.com,1
gitlab.cern.ch,8
gitlab.chiron.one,2
gitlab.classcool.net,1
gitlab.cnliuzk.cn,1
gitlab.codemonkeysoftware.net,1
gitlab.com,2583
gitlab.corp.siticom.de,1
gitlab.crans.org,1
gitlab.deichman.no,3
gitlab.dev.extlabs.ru,1
gitlab.dev.mylumper.com,1
gitlab.diancun.net,1
gitlab.dm-ai.cn,2
gitlab.dukfaar.com,4
gitlab.duligame.cn,3
gitlab.eazytec-cloud.com,1
gitlab.ecole.ensicaen.fr,1
gitlab.eeecs.qub.ac.uk,1
gitlab.eisengrind.de,1
gitlab.eoffcn.com,1
gitlab.esta.spb.ru,1
gitlab.et-ns.net,2
gitlab.ethz.ch,8
gitlab.everxyz.com,1
gitlab.fachschaften.org,1
gitlab.fbk168.com,1
gitlab.fhnw.ch,1
gitlab.fireballlabs.com,3
gitlab.freedesktop.org,1
gitlab.fs.eckler.ca,4
gitlab.gaodun.com,6
gitlab.geax.io,1
gitlab.ghn.vn,8
gitlab.glueckkanja.net,1
gitlab.gnome.org,3
gitlab.goalongtravels.com,1
gitlab.goappable.com,1
gitlab.gsshop.ai,3
gitlab.hedenstroem.com,4
gitlab.hive.thyth.com,3
gitlab.howett.net,1
gitlab.htlwrn.rdi.at,1
gitlab.implustech.com,1
gitlab.informatik.haw-hamburg.de,1
gitlab.inria.fr,8
gitlab.it-expertise.ru,1
gitlab.kitesize.com,1
gitlab.kodixauto.ru,1
gitlab.komiac.ru,2
gitlab.libraryofcode.org,1
gitlab.linanquan.com,1
gitlab.med-den.com,1
gitlab.misakey.dev,1
gitlab.mobio.ru,4
gitlab.mytuffigorapidex.xyz,2
gitlab.nabbar.eu,2
gitlab.nautilus.optiputer.net,1
gitlab.nekom.com,2
gitlab.neni.org,5
gitlab.novis.eu,1
gitlab.nps.edu,1
gitlab.obc.docker.michko.eu,1
gitlab.oit.duke.edu,1
gitlab.omwave.me,1
gitlab.packetai.co,1
gitlab.paradeum.com,1
gitlab.projectynov.ovh,1
gitlab.pushcentric.com,1
gitlab.qdlt.io,1
gitlab.qulianwu.com,2
gitlab.racine.dev,2
gitlab.rd.inceptioglobal.ai,1
gitlab.revas.io,1
gitlab.rso.bg,5
gitlab.sarafann.com,2
gitlab.science.ru.nl,1
gitlab.scripter.se,2
gitlab.scudos.eu,1
gitlab.seven4n.com,2
gitlab.sihuatech.com,2
gitlab.silkrode.com.tw,12
gitlab.sinowyde.com,4
gitlab.sistematis.com.ar,1
gitlab.smartblocklab.com,3
gitlab.smoothnet.org,1
gitlab.softpark.kz,14
gitlab.sourcingcafe.com,1
gitlab.srgow.com,1
gitlab.srxcloud.com,1
gitlab.sudaizhijia.com,14
gitlab.switch.ch,2
gitlab.szlabs.net,1
gitlab.tandashi.de,1
gitlab.techcultivation.org,3
gitlab.timmertech.nl,2
gitlab.tomcd.com,5
gitlab.troi.de,3
gitlab.ttsing.com,2
gitlab.turtlecoding.de,1
gitlab.valid8.com,2
gitlab.veres.is,1
gitlab.viaplay.cloud,1
gitlab.vmassive.ru,1
gitlab.warungpintar.co,3
gitlab.wayketech.se,2
gitlab.webbankir.team,1
gitlab.webtv-solution.com,1
gitlab.weedies.club,2
gitlab.xiaoduoai.com,4
gitlab.xiaozo.cn,1
gitlab.xinghuolive.com,1
gitlab.xinhulu.com,1
gitlab.yeeyuntech.com,2
gitlab.yietech.com,1
gitlab.yiqijiao.net,1
gitlab.yuankan.co,1
gitlab.zexchange.xyz,1
gitlab.zgtest.club,3
gitlab.zxck.dev,1
gitlab2.eeecs.qub.ac.uk,5
gitlabce.1cb.kz,2
gitoa.ru,8
gl.dev.boquar.com,1
gl.shtr.io,5
gl.tzv.io,2
glabs.io,1
glitch.sh,6
gnorm.org,1
go-darwin.dev,1
go-hep.org,2
go-home.io,2
go-ml.dev,10
go.1password.io,1
go.5kbps.io,2
go.6shore.net,1
go.ajitem.com,18
go.alexcohn.com,1
go.alexhamlin.co,1
go.aporeto.io,14
go.appointy.com,2
go.artemisc.eu,2
go.astrophena.me,1
go.atrox.dev,2
go.awhk.org,2
go.awsctrl.io,3
go.awsmlabs.co.uk,2
go.blockdaemon.com,1
go.bmvs.io,3
go.bobheadxi.dev,8
go.bog.dev,2
go.borchero.com,1
go.brendanthompson.com,1
go.bryk.io,1
go.bug.st,6
go.cantor.systems,6
go.cdnf.io,1
go.chromium.org,8
go.code.as,1
go.coder.com,11
go.cryptoscope.co,10
go.cuelang.dev,2
go.cupnet.org,1
go.deanishe.net,2
go.dedis.ch,11
go.delic.rs,1
go.dev.pztrn.name,5
go.didenko.com,1
go.dutchsec.com,3
go.einride.tech,1
go.elastic.co,34
go.eqrx.net,1
go.etcd.io,4
go.etztech.xyz,3
go.evanpurkhiser.com,3
go.felesatra.moe,15
go.finfini.dev,2
go.fraixed.es,1
go.fuchsia.dev,3
go.gazette.dev,2
go.gnd.pw,1
go.gnzler.io,1
go.gophers.dev,8
go.guoyk.net,20
go.hein.dev,4
go.heurd.com,2
go.hiweb.com,1
go.htdvisser.nl,2
go.i3wm.org,2
go.indent.com,3
go.insights.gg,1
go.iondynamics.net,1
go.isomorphicgo.org,5
go.iwosai.com,4
go.jameslucktaylor.info,1
go.jasdel.dev,1
go.jayconrod.com,1
go.jizo.dev,1
go.jlucktay.dev,1
go.jolheiser.com,2
go.jona.me,1
go.jonnrb.io,3
go.kelfa.io,4
go.knocknote.io,4
go.krak3n.codes,1
go.krygon.app,2
go.lafronz.com,6
go.lafronz.net,1
go.larrymyers.com,2
go.lassilaiho.com,1
go.libelektra.org,1
go.ligato.io,6
go.linecorp.com,2
go.lsl.digital,5
go.lsp.dev,4
go.ltgt.net,1
go.luke.ph,2
go.lumochift.org,1
go.matthewp.io,2
go.medium.engineering,1
go.melnyk.org,5
go.mercari.io,7
go.merklecounty.com,1
go.mindeco.de,7
go.mnc.gt,1
go.mongodb.org,2
go.mozilla.org,18
go.nanasi880.dev,4
go.nanomsg.org,2
go.nickng.io,1
go.niquid.tech,2
go.nlx.io,1
go.nov.ae,1
go.nownabe.dev,2
go.ntrrg.dev,1
go.nuvuli.com,1
go.octolab.org,4
go.okkur.org,4
go.opencensus.io,1
go.opentelemetry.io,27
go.otter.engineering,2
go.owls.io,1
go.packetbroker.org,8
go.pedge.io,6
go.pennock.tech,6
go.pr0ger.dev,2
go.pyspa.org,1
go.rbn.im,2
go.reizu.org,1
go.rischmann.fr,1
go.rls.moe,1
go.roman.zone,3
go.rpcplugin.org,1
go.sbr.pm,4
go.seankhliao.com,8
go.senan.xyz,3
go.shu.run,7
go.skia.org,2
go.skopnik.pw,1
go.soon.build,7
go.sorcix.com,6
go.spiff.io,12
go.starlark.net,1
go.stevenxie.me,19
go.temporal.io,2
go.thethings.network,4
go.thi.ng,2
go.tianon.xyz,1
go.tmthrgd.dev,7
go.transparencylog.net,1
go.txtdirect.org,1
go.uber.org,19
go.undefinedlabs.com,1
go.universe.tf,5
go.yuki.no,5
go.zenithar.org,22
go.zoe.im,4
go.zptne.net,3
go101.org,2
go4.org,2
goa.design,5
gobasics.dev,10
gobot.io,1
gocloud.dev,11
gocv.io,2
gofer.dev,2
goftp.io,2
gogs.blitter.com,1
gogs.carducci-dante.gov.it,1
gogs.cibaobao.net,1
gogs.doschain.org,21
gogs.ijunj.com,1
gogs.io,1
gogs.lehouerou.net,3
gogs.rickbassham.com,1
gogs.wangke.co,1
goji.io,2
golang.binggl.net,1
golang.cc,1
golang.langyangtech.com,2
golang.leonklingele.de,1
golang.m7n.se,2
golang.org,53
golang.rgm.io,1
golang.source-fellows.com,3
golang.speech.sogou.com,1
golang.stackrox.io,1
golang.wyday.com,1
golang.zx2c4.com,3
golib.gaore.com,5
golift.io,8
gomate.io,1
gomodules.xyz,15
gonum.org,6
google.golang.org,19
goost.org,1
gopher.farm,9
gopherpit.com,1
gophers.dev,19
gophers.id,2
gopkg.avesta.co.th,1
gopkg.daemonl.com,5
gopkg.in,1753
gopkg.net,1
gopl.io,1
gorgonia.org,8
goroutines.com,5
gortc.io,11
gosh-lang.org,1
goshawkdb.io,4
gosrc.io,6
gotest.tools,3
grpc-codegen.go4.org,1
grpc.go4.org,1
gvisor.dev,1
h12.io,18
halkyon.io,8
hawx.me,22
heckel.io,1
hellopiers.io,1
helm.sh,3
hemtjan.st,1
hidevops.io,6
hkjn.me,6
honnef.co,14
howett.net,2
howl.moe,3
htdvisser.dev,18
humungus.tedunangst.com,6
icahoon.dev,2
iering.com,1
ilya.app,3
impractical.co,5
inet.af,3
insmo.com,3
iochen.com,1
iohub.cn,2
iottest.elinkchina.com.cn,3
isi.nc,1
istio.io,12
jaytaylor.com,3
jbowen.dev,1
jdel.org,3
jgquinn.com,2
jsouthworth.net,4
jswc.de,1
justanother.org,6
jw4.us,3
k0s.io,2
k8s.io,277
kickoff.run,1
kilobit.ca,6
kkn.fi,9
klaidliadon.dev,2
kmodules.xyz,14
knative.dev,21
korok.io,1
kreklow.us,3
ktkr.us,6
kubedb.dev,14
kubeform.dev,1
kubepack.dev,8
kubeshield.dev,1
kubesphere.io,7
kubevault.dev,2
kubevirt.io,8
kuroku.io,1
kyleconroy.riza.xyz,1
kylelemons.net,3
kythe.io,1
l7e.io,2
lab.busha.co,1
lab.lostb.one,12
lab.madbox.synology.me,12
lab.nexedi.com,1
lab.weave.nl,4
lab.yaozh.com,1
labix.org,5
lachut.net,1
lang.yottadb.com,1
lango.dev,2
launchpad.net,35
layeh.com,11
lazyhacker.dev,4
lazyhackergo.com,1
leb.io,8
lesterpig.com,2
lib.hemtjan.st,1
lib.kevinlin.info,1
libs.altipla.consulting,1
libvirt.org,2
lijiaocn.com,2
limbo.services,2
livingit.de,3
lockbox.dev,10
logur.dev,10
loov.dev,3
lukechampine.com,19
lusikas.com,1
lvtk.org,1
lwebco.de,2
m4o.io,1
mae.earth,7
makhzan.profile-digital.com,1
makk.es,1
manael.org,1
margo.sh,5
marwan.io,18
maunium.net,18
maze.io,14
mcquay.me,9
meera.tech,1
mellium.im,8
meow.tf,5
metacontroller.app,1
metagit.org,3
mfycheng.dev,2
mgk.ro,1
mibk.io,1
midas-gitlab.tk,1
mindoktor.io,2
miniflux.app,1
minimon.dev,1
mkdeb.sh,1
modernc.org,51
monis.app,1
mooncamp.com,1
mosn.io,3
moul.io,39
mrogalski.eu,2
mrz.io,1
mtib.dev,1
mumble.info,1
muzzammil.xyz,3
mvdan.cc,20
myitcv.io,2
mynewt.apache.org,2
n0st.ac,1
nanomsg.org,3
ndungu.dev,2
neilpa.me,5
neugram.io,1
newreleases.io,2
nghinhut.dev,1
nhooyr.io,1
nicecode.rocks,2
nimona.io,3
nirenjan.org,3
notabug.org,3
novit.nc,1
npf.io,1
nt.web.ve,2
nullprogram.com,7
nyaan.jp,1
ok.st,3
olympos.io,2
open-match.dev,3
opendev.org,6
openpitrix.io,10
opslag.de,1
oss.indeed.com,6
owo.codes,2
oya.to,2
p83.nl,1
pack.ag,2
pagure.io,1
paste.ee,1
paste.run,1
pathwar.land,5
pault.ag,27
periph.io,4
perkeep.org,10
perun.network,1
peterdekok.nl,5
pgregory.net,2
pgxs.io,2
pharmer.dev,2
pifke.org,1
pingcode.io,3
pipelined.dev,7
pkg.deepin.io,3
pkg.encore.dev,1
pkg.glorieux.io,3
pkg.pnha.io,1
planetscale.dev,1
plugin.hosting,1
pocketgophers.com,1
projects.a-nugget.org,1
pugnos.com,1
qif-gitlab.dev-myqnapcloud.com,5
qiniupkg.com,7
qoobing.com,1
qpid.apache.org,1
qpm.io,1
qvl.io,4
r2discover.com,1
recon.offensi.com,6
repo.doxa.cloud,3
repo.gokuai.cn,1
repos.ser1.net,1
repositories.muehmer.net,1
rescribe.xyz,4
resenje.org,20
restis.dev,2
revas.io,13
robpike.io,14
roci.dev,1
rogchap.com,1
ronoaldo.gopkg.net,1
rr-factory.gloryholiday.com,1
rsc.io,45
rscz.ru,2
ruderich.org,1
s32x.com,6
sagikazarmark.dev,1
salsa.debian.org,6
samhofi.us,10
savefile.me,1
savo.la,1
sbrubbles.org,2
scarletdevilmansion.tech,3
scatter.im,1
schneider.vip,2
scientificgo.org,3
scm.uninett.no,1
scuttlebot.io,1
seankhliao.com,2
seata.io,1
seed.ethzero.com,3
seehuhn.de,5
seitsen.kulm.io,1
senan.xyz,1
servoid.io,7
sevki.org,13
shanhu.io,4
sigs.k8s.io,140
simonwaldherr.de,9
sire.run,4
sofastack.io,1
software.sslmate.com,2
sour.is,1
source.leidos-leaf.com,1
source.puri.sm,1
sourcegraph.com,23
sources.dev.pztrn.name,2
spilled.ink,1
sqlflow.org,4
src.cloudminds.com,4
src.d10.dev,2
src.doom.fm,2
src.lwithers.me.uk,4
src.techknowlogick.com,3
src.userspace.com.au,14
stash.appscode.dev,3
stash.forgerock.org,2
stash.kopano.io,11
stathat.com,7
std.lzy369.com,3
stdchat.org,1
stdview.com,2
storj.io,12
streem.tech,1
strk.kbt.io,1
stvn.cc,1
suah.dev,6
subosito.com,1
symbiont.spdns.de,1
syreclabs.com,4
t0ddz.com,2
tailscale.com,1
tawesoft.co.uk,11
tchaik.com,1
test.yibianxue.com,4
testbed.sha3.link,1
thc420.xyz,2
throosea.com,6
tianwei.pro,14
tideland.dev,7
tildegit.org,5
tinygo.org,5
tkestack.io,8
tmthrgd.dev,2
toast.cafe,3
toolman.org,24
transmutate.io,1
trident.li,1
trimmer.io,3
tryffel.net,5
ultre.me,5
unit.nginx.org,1
unknwon.dev,3
upper.io,5
upspin.io,1
uui.dev,2
v.io,4
v2.staffjoy.com,1
v2ray.com,2
vallon.me,1
vbom.ml,1
vcs-git.ourstudio.dev,12
vcs-test.golang.org,4
vcs.torbor.ru,2
verifpal.com,1
vexlink.org,1
victorz.ca,2
vighnesh.org,3
vimagination.zapto.org,9
vitess.io,3
vizzlo.com,1
volcano.sh,32
volvia-git.ourstudio.dev,3
vuvuzela.io,5
w12lab.com,2
weavelab.xyz,4
webfinger.net,1
webwormhole.io,1
weiran.dev,1
whitehouse.id.au,2
wickborn.net,1
willnorris.com,5
winterdrache.de,2
within.website,7
wrong.wang,1
www.samermurad.com,3
www.velocidex.com,12
x6a.dev,1
xbus.io,3
xn--rhta.xyz,64
xojoc.pw,3
xorkevin.dev,4
xorm.io,6
xuejie.space,2
xxgo.dev,1
yall.in,1
yn.ee,5
yumc.pw,1
yunion.io,13
zenhack.net,4
zgo.at,28
zhongguo168a.top,2
zixi.win,1
zliu.org,3
zolk3ri.name,1
zombiezen.com,5
zvelo.io,9
zwei.ren,1
zxq.co,13
